[
    {
        "ID" : "1", 
        "Name":"Placeholder",
        "Release date":"08.21.2012",
        "Description":"For over two decades, Counter-Strike has offered an elite competitive experience, one shaped by millions of players from across the globe. And now the next chapter in the CS story is about to begin. This is Counter-Strike 2. A free upgrade to CS:GO, Counter-Strike 2 marks the largest technical leap in Counter-Strike's history. Built on the Source 2 engine, Counter-Strike 2 is modernized with realistic physically-based rendering, state of the art networking, and upgraded Community Workshop tools. In addition to the classic objective-focused gameplay that Counter-Strike pioneered in 1999.",
        "Story":"No story",
        "Genres":["Action","Adventure"],
        "Price":{"site1":["price","link"],"site2":["price","link"],"site3":["price","link"]},
        "Rating":"Very positive (8,320,832)",
        "Image": ["./pictures/kep.png"]
    }    
]